{
  "best_k": 10,
  "best_silhouette": 0.13113050162792206,
  "davies_bouldin_at_best_k": 2.2228733337891056,
  "calinski_harabasz_at_best_k": 141.2776134354789,
  "silhouette_by_k": {
    "8": 0.11953605711460114,
    "9": 0.12443450838327408,
    "10": 0.13113050162792206,
    "11": 0.12640482187271118,
    "12": 0.1269018054008484,
    "13": 0.12665657699108124,
    "14": 0.12797173857688904,
    "15": 0.12578722834587097,
    "16": 0.12397962808609009
  },
  "davies_bouldin_by_k": {
    "8": 2.2794909738366353,
    "9": 2.318750038405216,
    "10": 2.2228733337891056,
    "11": 2.2603630608617276,
    "12": 2.3081417508325495,
    "13": 2.3651427911413085,
    "14": 2.305347712844603,
    "15": 2.416620523147527,
    "16": 2.3691879893037777
  },
  "calinski_harabasz_by_k": {
    "8": 152.51207707974672,
    "9": 147.24034596634883,
    "10": 141.2776134354789,
    "11": 135.968825430792,
    "12": 129.7304019345985,
    "13": 124.18077245453729,
    "14": 119.21828990650054,
    "15": 114.69165250147408,
    "16": 110.3176389031067
  },
  "inertia_by_k": {
    "8": 598.0440063476562,
    "9": 579.9092407226562,
    "10": 565.3473510742188,
    "11": 552.2630004882812,
    "12": 542.6460571289062,
    "13": 533.9180297851562,
    "14": 525.9127807617188,
    "15": 518.6239013671875,
    "16": 512.3678588867188
  },
  "n_samples": 2484,
  "normalized_embeddings": true,
  "pca_components": 64,
  "pca_variance_explained": 0.7967365384101868,
  "cluster_size_by_id": {
    "0": 354,
    "1": 257,
    "2": 376,
    "3": 159,
    "4": 380,
    "5": 318,
    "6": 175,
    "7": 112,
    "8": 276,
    "9": 77
  },
  "cluster_size_min": 77,
  "cluster_size_max": 380,
  "cluster_size_mean": 248.4,
  "nmi_with_category": 0.4230211557902934,
  "purity_with_category": 0.3723832528180354
}