{
  "best_k": 11,
  "best_silhouette": 0.10080615431070328,
  "davies_bouldin_at_best_k": 2.5882949633457057,
  "calinski_harabasz_at_best_k": 97.14803088443198,
  "silhouette_by_k": {
    "8": 0.08747795224189758,
    "9": 0.09261871129274368,
    "10": 0.09833066910505295,
    "11": 0.10080615431070328,
    "12": 0.09512265026569366,
    "13": 0.09375905245542526,
    "14": 0.09193293005228043,
    "15": 0.09387502819299698,
    "16": 0.08793683350086212
  },
  "davies_bouldin_by_k": {
    "8": 2.658400298350492,
    "9": 2.7252432683623558,
    "10": 2.6121112538445597,
    "11": 2.5882949633457057,
    "12": 2.720423848035674,
    "13": 2.770317080492096,
    "14": 2.8066314385939846,
    "15": 2.878006175952117,
    "16": 2.817446566653675
  },
  "calinski_harabasz_by_k": {
    "8": 111.88711100799776,
    "9": 107.19550508872848,
    "10": 102.2277762272786,
    "11": 97.14803088443198,
    "12": 92.90544441892258,
    "13": 88.60204263794931,
    "14": 84.43542055796618,
    "15": 80.97047062895146,
    "16": 77.75757579564585
  },
  "inertia_by_k": {
    "8": 816.1102905273438,
    "9": 797.8242797851562,
    "10": 783.0545043945312,
    "11": 771.278076171875,
    "12": 760.048095703125,
    "13": 751.085205078125,
    "14": 743.7449951171875,
    "15": 736.2362060546875,
    "16": 729.5033569335938
  },
  "n_samples": 2484,
  "normalized_embeddings": true,
  "pca_components": null,
  "pca_variance_explained": null,
  "cluster_size_by_id": {
    "0": 78,
    "1": 284,
    "2": 347,
    "3": 150,
    "4": 403,
    "5": 230,
    "6": 112,
    "7": 106,
    "8": 174,
    "9": 276,
    "10": 324
  },
  "cluster_size_min": 78,
  "cluster_size_max": 403,
  "cluster_size_mean": 225.8,
  "nmi_with_category": 0.4392197929560236,
  "purity_with_category": 0.4001610305958132
}