{
  "best_k": 11,
  "best_silhouette": 0.10080615431070328,
  "davies_bouldin_at_best_k": 2.5882949663832053,
  "calinski_harabasz_at_best_k": 97.14803078791314,
  "silhouette_by_k": {
    "8": 0.08747795224189758,
    "9": 0.09261871129274368,
    "10": 0.09833066910505295,
    "11": 0.10080615431070328,
    "12": 0.09512265026569366,
    "13": 0.09375905245542526,
    "14": 0.09193293005228043,
    "15": 0.09387502819299698,
    "16": 0.08793683350086212
  },
  "davies_bouldin_by_k": {
    "8": 2.6584003436652806,
    "9": 2.7252432700191673,
    "10": 2.6121112866757548,
    "11": 2.5882949663832053,
    "12": 2.7204238732148784,
    "13": 2.7703171120466683,
    "14": 2.8066314629942686,
    "15": 2.8780061228796843,
    "16": 2.8174465009610836
  },
  "calinski_harabasz_by_k": {
    "8": 111.8871108878836,
    "9": 107.19550498864207,
    "10": 102.22777611719789,
    "11": 97.14803078791314,
    "12": 92.90544432695539,
    "13": 88.60204256103523,
    "14": 84.43542050041353,
    "15": 80.97047054432765,
    "16": 77.75757568038416
  },
  "inertia_by_k": {
    "8": 816.1102294921875,
    "9": 797.8241577148438,
    "10": 783.054443359375,
    "11": 771.2780151367188,
    "12": 760.048095703125,
    "13": 751.0851440429688,
    "14": 743.7449340820312,
    "15": 736.2361450195312,
    "16": 729.5033569335938
  },
  "n_samples": 2484,
  "normalized_embeddings": false,
  "pca_components": null,
  "pca_variance_explained": null,
  "cluster_size_by_id": {
    "0": 78,
    "1": 284,
    "2": 347,
    "3": 150,
    "4": 403,
    "5": 230,
    "6": 112,
    "7": 106,
    "8": 174,
    "9": 276,
    "10": 324
  },
  "cluster_size_min": 78,
  "cluster_size_max": 403,
  "cluster_size_mean": 225.8,
  "nmi_with_category": 0.4392197929560236,
  "purity_with_category": 0.4001610305958132
}